Type,Name,Budget,Sale_Price,Producer,Country_of_Origin,Grape_Variety,Region,
Sparkling,Range Life Prosecco NV,Budget,$22.00,Range Life,Australia,Glera,King Valley,
Sparkling,Atmospheres NV,Mid-Range,$45.00,Jo Landron,France,"Chardonnay, Folle Blanc, Pinot Noir",Muscadet,
Sparkling,Baron Jacques Blanc de Blanc,Premium,$52.00,Baron Jacques,France,Chardonnay,Burgundy ,
White,Eden Valley No 4,Budget,$24.00,RieslingFreak,Australia,Riesling,Eden Valley,
White,Ouille Savagnin,Mid-Range,$35.00,Scintilla Wines,Australia,Savagnin,Fleurieu Peninsiula,
White,Exogyra Virgula,Premium,$74.00,Goisot,France,Cepage Sauvignon Blanc,Bourgogne,
Rose,Mallaluka Rose,Budget,$23.00,Mallaluka,Australia,"Sangiovese, Viognier",Canberra,
Rose,Summer Snowflake,Mid-Range,$44.00,Kunoh Wines,New Zealand,"Pinot Gris, Chardonnay, Sauvignon Blanc, Gerwurztraminer, Riesling",Nelson,
Rose,Grain de Folie Rose,Premium,$56.00,Domaine Mamaruta,France,Syrah,Vin de France,
Orange,Boomtown Amber,Budget,$24.00,Boomtown,Australia,Riesling & Fiano,Central Victoria,
Orange,Libiamo,Mid-Range,$34.00,Millton Vineyards,New Zealand,Field Blend,Gisborne,
Orange,Emma,Premium,$59.00,Farnea di Marco Buratti,Italy,Muscat,Padua,
Red,Poliphonia ,Budget,$24.50,Pheasant’s Tears,Georgia,417 Variety Field Blend,Caucasus,
Red,Onannon Noir,Mid-Range,$42.00,Onannon,Australia,Pinot Noir,Mornington Peninsula,
Red,Farr Rising,Premium,$54.00,Nick Farr,Australia,Shiraz,Geelong,
Surprise,Minim Hitch,Budget,$24.00,Minim Wines,Australia,Sangiovese & Nero D’Avola,Heathcote,
Surprise,Moonlit Forrest,Mid-Range,$34.00,Jayden Ong,Australia,Pinot Gris & Pinot Noir,Victoria,
Surprise,Hochkirch Maximus Pinor Noir,Premium,$58.00,Hochkirch,Australia,Pinot Noir ,Henty,
